{"episode_types": ["t", "t", "t", "t", "t", "t", "t", "t", "t", "t", "t", "t", "t", "t", "t", "t", "t", "t", "t", "t", "t", "t", "t", "t", "t", "t", "t", "t", "t", "t", "t", "t", "t", "t", "t", "t", "t", "t", "t", "t", "t", "t", "t", "t", "t", "t", "t", "t", "t", "t", "t", "t", "t", "t", "t"], "initial_reset_timestamp": 1571544525.787098, "timestamps": [1571544530.838186, 1571544534.372477, 1571544536.907105, 1571544539.60545, 1571544541.94715, 1571544544.303873, 1571544547.57684, 1571544550.135695, 1571544553.342904, 1571544555.751554, 1571544557.968132, 1571544560.153978, 1571544562.024628, 1571544565.115012, 1571544567.644502, 1571544570.470608, 1571544572.774809, 1571544575.500069, 1571544577.527458, 1571544579.957873, 1571544582.231436, 1571544584.066832, 1571544586.374022, 1571544589.088581, 1571544591.27347, 1571544593.315881, 1571544595.922656, 1571544599.078297, 1571544601.63054, 1571544603.835292, 1571544606.512112, 1571544609.005888, 1571544611.523223, 1571544614.045002, 1571544616.423677, 1571544618.542089, 1571544620.424517, 1571544622.388896, 1571544624.357581, 1571544626.767238, 1571544628.952897, 1571544630.978725, 1571544632.983538, 1571544635.214957, 1571544637.388182, 1571544639.568765, 1571544641.729812, 1571544643.765081, 1571544646.33639, 1571544648.624216, 1571544651.719428, 1571544654.453295, 1571544656.876846, 1571544670.727155], "episode_rewards": [-20.0, -20.0, -21.0, -21.0, -21.0, -21.0, -17.0, -21.0, -20.0, -21.0, -21.0, -20.0, -21.0, -19.0, -20.0, -19.0, -21.0, -19.0, -21.0, -21.0, -20.0, -21.0, -20.0, -20.0, -21.0, -20.0, -19.0, -21.0, -20.0, -21.0, -19.0, -19.0, -20.0, -21.0, -20.0, -20.0, -21.0, -21.0, -21.0, -20.0, -20.0, -20.0, -21.0, -21.0, -19.0, -20.0, -21.0, -21.0, -19.0, -21.0, -20.0, -20.0, -19.0, -21.0], "episode_lengths": [4167, 3779, 3771, 3719, 3244, 3056, 4946, 3776, 3445, 3888, 3652, 3460, 3056, 5048, 4071, 4712, 3896, 4346, 3296, 3888, 3774, 3056, 3874, 4305, 3560, 3348, 4306, 3296, 4193, 3544, 4168, 3918, 4147, 4209, 3958, 3512, 3056, 3168, 3168, 4072, 3607, 3367, 3408, 3715, 3756, 3609, 3619, 3408, 4346, 3784, 4249, 3838, 3850, 3056]}