{"timestamps": [1571348932.425217, 1571348936.5996, 1571348939.263546, 1571348941.754174, 1571348943.968266, 1571348946.066375, 1571348949.412607, 1571348952.0763, 1571348955.82294, 1571348958.613732, 1571348961.155961, 1571348963.481692, 1571348965.542663, 1571348969.115039, 1571348972.023635, 1571348975.466049, 1571348978.123586, 1571348981.115855], "episode_lengths": [4167, 3779, 3771, 3719, 3244, 3056, 4946, 3776, 3445, 3888, 3652, 3460, 3056, 5048, 4071, 4712, 3896, 4346], "episode_rewards": [-20.0, -20.0, -21.0, -21.0, -21.0, -21.0, -17.0, -21.0, -20.0, -21.0, -21.0, -20.0, -21.0, -19.0, -20.0, -19.0, -21.0, -19.0], "episode_types": ["t", "t", "t", "t", "t", "t", "t", "t", "t", "t", "t", "t", "t", "t", "t", "t", "t", "t", "t"], "initial_reset_timestamp": 1571348925.628888}