{"initial_reset_timestamp": 1571348999.928897, "episode_lengths": [4167, 3779], "episode_types": ["t", "t", "t"], "episode_rewards": [-20.0, -20.0], "timestamps": [1571349005.475263, 1571349009.276191]}